Category,total_sales,total_profit,avg_discount,total_quantity,profit_margin
Furniture,741999.7953,18451.27279999998,0.1739226779820839,8028,0.02486695133458884
Office Supplies,719047.032,122490.80079999998,0.15728509790906076,22906,0.17035158390028649
Technology,836154.033,145454.94809999998,0.1323226854358419,6939,0.17395712076891934
