KPI,Value
Total Sales,2297200.8603
Total Profit,286397.0217
Total Orders,5009.0
Total Quantity Sold,37873.0
Average Order Value,458.6146656618087
Profit Margin,0.12467217240315605
Average Discount,0.15620272163297977
