Region,total_sales,total_profit,avg_discount,total_orders,profit_margin
Central,501239.8908,39706.36249999998,0.24035299182092124,1175,0.0792162859117756
East,678781.24,91522.77999999998,0.14536516853932585,1401,0.1348339856888207
South,391721.905,46749.43029999999,0.1472530864197531,822,0.11934341609004477
West,725457.8245,108418.44889999999,0.10933499843896347,1611,0.149448314207272
